Pagi,Hujan,60,90,24,33
Pagi,Hujan,60,90,24,33
Pagi,Hujan,60,90,24,33
Pagi,Cerah,60,90,24,33
Pagi,Cerah,60,90,24,33
Pagi,Cerah,60,90,24,33
Siang,Berawan,60,90,24,33
Siang,Berawan,60,90,24,33
Siang,Berawan,60,90,24,33
Siang,Berawan,60,90,24,33
Siang,Berawan,60,90,24,33
Siang,Berawan,60,90,24,33
Malam,Berawan,60,90,24,33
Malam,Berawan,60,90,24,33
Malam,Berawan,60,90,24,33
Malam,Hujan,60,90,24,33
Malam,Berawan,60,90,24,33
Malam,Berawan,60,90,24,33
Dini Hari,Cerah,60,90,24,33
Dini Hari,Cerah,60,90,24,33
Dini Hari,Cerah,60,90,24,33
Dini Hari,Cerah,60,90,24,33
Dini Hari,Cerah,60,90,24,33
Dini Hari,Cerah,60,90,24,33
Pagi,Hujan,65,90,25,33
Pagi,Hujan,65,90,25,33
Pagi,Hujan,65,90,25,33
Pagi,Cerah,65,90,25,33
Pagi,Hujan,65,90,25,33
Pagi,Hujan,65,90,25,33
Siang,Hujan,65,90,25,33
Siang,Hujan,65,90,25,33
Siang,Hujan,65,90,25,33
Siang,Berawan,65,90,25,33
Siang,Hujan,65,90,25,33
Siang,Hujan,65,90,25,33
Malam,Berawan,65,90,25,33
Malam,Berawan,65,90,25,33
Malam,Berawan,65,90,25,33
Malam,Hujan,65,90,25,33
Malam,Berawan,65,90,25,33
Malam,Berawan,65,90,25,33
Dini Hari,Cerah,65,90,25,33
Dini Hari,Cerah,65,90,25,33
Dini Hari,Cerah,65,90,25,33
Dini Hari,Cerah,65,90,25,33
Dini Hari,Cerah,65,90,25,33
Dini Hari,Cerah,65,90,25,33
Pagi,Hujan,65,95,25,32
Pagi,Hujan,65,95,25,32
Pagi,Hujan,65,95,25,32
Pagi,Hujan,65,95,25,32
Pagi,Hujan,65,95,25,32
Pagi,Hujan,65,95,25,32
Siang,Berawan,65,95,25,32
Siang,Berawan,65,95,25,32
Siang,Berawan,65,95,25,32
Siang,Hujan,65,95,25,32
Siang,Berawan,65,95,25,32
Siang,Hujan,65,95,25,32
Malam,Berawan,65,95,25,32
Malam,Berawan,65,95,25,32
Malam,Berawan,65,95,25,32
Malam,Hujan,65,95,25,32
Malam,Berawan,65,95,25,32
Malam,Hujan,65,95,25,32
Dini Hari,Berawan,65,95,25,32
Dini Hari,Cerah,65,95,25,32
Dini Hari,Berawan,65,95,25,32
Dini Hari,Cerah,65,95,25,32
Dini Hari,Berawan,65,95,25,32
Dini Hari,Berawan,65,95,25,32
Pagi,Hujan,65,95,23,32
Pagi,Hujan,65,95,23,32
Pagi,Hujan,65,95,23,32
Pagi,Cerah,65,95,23,32
Pagi,Hujan,65,95,23,32
Pagi,Hujan,65,95,23,32
Siang,Hujan,65,95,23,32
Siang,Hujan,65,95,23,32
Siang,Hujan,65,95,23,32
Siang,Cerah,65,95,23,32
Siang,Hujan,65,95,23,32
Siang,Hujan,65,95,23,32
Malam,Cerah,65,95,23,32
Malam,Hujan,65,95,23,32
Malam,Cerah,65,95,23,32
Malam,Hujan,65,95,23,32
Malam,Berawan,65,95,23,32
Malam,Hujan,65,95,23,32
Dini Hari,Cerah,65,95,23,32
Dini Hari,Cerah,65,95,23,32
Dini Hari,Cerah,65,95,23,32
Dini Hari,Hujan,65,95,23,32
Dini Hari,Cerah,65,95,23,32
Dini Hari,Cerah,65,95,23,32
Pagi,Hujan,60,95,24,33
Pagi,Hujan,60,95,24,33
Pagi,Hujan,60,95,24,33
Pagi,Cerah,60,95,24,33
Pagi,Hujan,60,95,24,33
Pagi,Hujan,60,95,24,33
Siang,Hujan,60,95,24,33
Siang,Hujan,60,95,24,33
Siang,Hujan,60,95,24,33
Siang,Hujan,60,95,24,33
Siang,Hujan,60,95,24,33
Siang,Hujan,60,95,24,33
Malam,Cerah,60,95,24,33
Malam,Cerah,60,95,24,33
Malam,Cerah,60,95,24,33
Malam,Hujan,60,95,24,33
Malam,Cerah,60,95,24,33
Malam,Hujan,60,95,24,33
Dini Hari,Cerah,60,95,24,33
Dini Hari,Berawan,60,95,24,33
Dini Hari,Cerah,60,95,24,33
Dini Hari,Hujan,60,95,24,33
Dini Hari,Berawan,60,95,24,33
Dini Hari,Berawan,60,95,24,33
Pagi,Hujan,65,90,25,32
Pagi,Hujan,65,90,25,32
Pagi,Hujan,65,90,25,32
Pagi,Berawan,65,90,25,32
Pagi,Hujan,65,90,25,32
Pagi,Hujan,65,90,25,32
Siang,Berawan,65,90,25,32
Siang,Berawan,65,90,25,32
Siang,Berawan,65,90,25,32
Siang,Hujan,65,90,25,32
Siang,Berawan,65,90,25,32
Siang,Berawan,65,90,25,32
Malam,Berawan,65,90,25,32
Malam,Berawan,65,90,25,32
Malam,Berawan,65,90,25,32
Malam,Berawan,65,90,25,32
Malam,Berawan,65,90,25,32
Malam,Berawan,65,90,25,32
Dini Hari,Berawan,65,90,25,32
Dini Hari,Berawan,65,90,25,32
Dini Hari,Berawan,65,90,25,32
Dini Hari,Cerah,65,90,25,32
Dini Hari,Berawan,65,90,25,32
Dini Hari,Berawan,65,90,25,32
Pagi,Hujan,65,90,23,32
Pagi,Hujan,65,90,23,32
Pagi,Hujan,65,90,23,32
Pagi,Berawan,65,90,23,32
Pagi,Hujan,65,90,23,32
Pagi,Hujan,65,90,23,32
Siang,Hujan,65,90,23,32
Siang,Hujan,65,90,23,32
Siang,Hujan,65,90,23,32
Siang,Hujan,65,90,23,32
Siang,Hujan,65,90,23,32
Siang,Hujan,65,90,23,32
Malam,Berawan,65,90,23,32
Malam,Berawan,65,90,23,32
Malam,Berawan,65,90,23,32
Malam,Hujan,65,90,23,32
Malam,Berawan,65,90,23,32
Malam,Berawan,65,90,23,32
Dini Hari,Berawan,65,90,23,32
Dini Hari,Berawan,65,90,23,32
Dini Hari,Berawan,65,90,23,32
Dini Hari,Cerah,65,90,23,32
Dini Hari,Berawan,65,90,23,32
Dini Hari,Berawan,65,90,23,32
Pagi,Hujan,85,90,23,31
Pagi,Hujan,85,90,23,31
Pagi,Hujan,85,90,23,31
Pagi,Berawan,85,90,23,31
Pagi,Hujan,85,90,23,31
Pagi,Hujan,85,90,23,31
Siang,Hujan,85,90,23,31
Siang,Hujan,85,90,23,31
Siang,Hujan,85,90,23,31
Siang,Hujan,85,90,23,31
Siang,Hujan,85,90,23,31
Siang,Hujan,85,90,23,31
Malam,Berawan,85,90,23,31
Malam,Cerah,85,90,23,31
Malam,Berawan,85,90,23,31
Malam,Hujan,85,90,23,31
Malam,Berawan,85,90,23,31
Malam,Berawan,85,90,23,31
Dini Hari,Cerah,85,90,23,31
Dini Hari,Cerah,85,90,23,31
Dini Hari,Cerah,85,90,23,31
Dini Hari,Cerah,85,90,23,31
Dini Hari,Cerah,85,90,23,31
Dini Hari,Cerah,85,90,23,31
Pagi,Hujan,80,95,25,33
Pagi,Hujan,80,95,25,33
Pagi,Hujan,80,95,25,33
Pagi,Cerah,80,95,25,33
Pagi,Hujan,80,95,25,33
Pagi,Hujan,80,95,25,33
Siang,Hujan,80,95,25,33
Siang,Hujan,80,95,25,33
Siang,Hujan,80,95,25,33
Siang,Cerah,80,95,25,33
Siang,Hujan,80,95,25,33
Siang,Hujan,80,95,25,33
Malam,Cerah,80,95,25,33
Malam,Berawan,80,95,25,33
Malam,Cerah,80,95,25,33
Malam,Hujan,80,95,25,33
Malam,Berawan,80,95,25,33
Malam,Berawan,80,95,25,33
Dini Hari,Cerah,80,95,25,33
Dini Hari,Cerah,80,95,25,33
Dini Hari,Cerah,80,95,25,33
Dini Hari,Hujan,80,95,25,33
Dini Hari,Cerah,80,95,25,33
Dini Hari,Cerah,80,95,25,33
Pagi,Hujan,65,90,25,33
Pagi,Hujan,65,90,25,33
Pagi,Hujan,65,90,25,33
Pagi,Cerah,65,90,25,33
Pagi,Berawan,65,90,25,33
Pagi,Berawan,65,90,25,33
Siang,Berawan,65,90,25,33
Siang,Berawan,65,90,25,33
Siang,Berawan,65,90,25,33
Siang,Berawan,65,90,25,33
Siang,Berawan,65,90,25,33
Siang,Berawan,65,90,25,33
Malam,Berawan,65,90,25,33
Malam,Berawan,65,90,25,33
Malam,Berawan,65,90,25,33
Malam,Berawan,65,90,25,33
Malam,Berawan,65,90,25,33
Malam,Berawan,65,90,25,33
Dini Hari,Cerah,65,90,25,33
Dini Hari,Cerah,65,90,25,33
Dini Hari,Cerah,65,90,25,33
Dini Hari,Berawan,65,90,25,33
Dini Hari,Cerah,65,90,25,33
Dini Hari,Cerah,65,90,25,33
Pagi,Berawan,60,90,25,33
Pagi,Berawan,60,90,25,33
Pagi,Hujan,60,90,25,33
Pagi,Berawan,60,90,25,33
Pagi,Berawan,60,90,25,33
Pagi,Berawan,60,90,25,33
Siang,Berawan,60,90,25,33
Siang,Berawan,60,90,25,33
Siang,Berawan,60,90,25,33
Siang,Berawan,60,90,25,33
Siang,Berawan,60,90,25,33
Siang,Berawan,60,90,25,33
Malam,Berawan,60,90,25,33
Malam,Berawan,60,90,25,33
Malam,Berawan,60,90,25,33
Malam,Hujan,60,90,25,33
Malam,Berawan,60,90,25,33
Malam,Berawan,60,90,25,33
Dini Hari,Berawan,60,90,25,33
Dini Hari,Berawan,60,90,25,33
Dini Hari,Berawan,60,90,25,33
Dini Hari,Cerah,60,90,25,33
Dini Hari,Cerah,60,90,25,33
Dini Hari,Cerah,60,90,25,33
Pagi,Berawan,60,90,25,33
Pagi,Berawan,60,90,25,33
Pagi,Hujan,60,90,25,33
Pagi,Berawan,60,90,25,33
Pagi,Berawan,60,90,25,33
Pagi,Berawan,60,90,25,33
Siang,Berawan,60,90,25,33
Siang,Berawan,60,90,25,33
Siang,Berawan,60,90,25,33
Siang,Berawan,60,90,25,33
Siang,Berawan,60,90,25,33
Siang,Berawan,60,90,25,33
Malam,Berawan,60,90,25,33
Malam,Berawan,60,90,25,33
Malam,Berawan,60,90,25,33
Malam,Hujan,60,90,25,33
Malam,Berawan,60,90,25,33
Malam,Berawan,60,90,25,33
Dini Hari,Berawan,60,90,25,33
Dini Hari,Berawan,60,90,25,33
Dini Hari,Berawan,60,90,25,33
Dini Hari,Cerah,60,90,25,33
Dini Hari,Cerah,60,90,25,33
Dini Hari,Cerah,60,90,25,33
Pagi,Berawan,60,95,25,34
Pagi,Berawan,60,95,25,34
Pagi,Berawan,60,95,25,34
Pagi,Hujan,60,95,25,34
Pagi,Cerah,60,95,25,34
Pagi,Berawan,60,95,25,34
Siang,Berawan,60,95,25,34
Siang,Cerah,60,95,25,34
Siang,Berawan,60,95,25,34
Siang,Hujan,60,95,25,34
Siang,Cerah,60,95,25,34
Siang,Cerah,60,95,25,34
Malam,Berawan,60,95,25,34
Malam,Berawan,60,95,25,34
Malam,Berawan,60,95,25,34
Malam,Hujan,60,95,25,34
Malam,Berawan,60,95,25,34
Malam,Berawan,60,95,25,34
Dini Hari,Berawan,60,95,25,34
Dini Hari,Berawan,60,95,25,34
Dini Hari,Berawan,60,95,25,34
Dini Hari,Hujan,60,95,25,34
Dini Hari,Cerah,60,95,25,34
Dini Hari,Cerah,60,95,25,34
Pagi,Cerah,55,90,26,34
Pagi,Cerah,55,90,26,34
Pagi,Cerah,55,90,26,34
Pagi,Cerah,55,90,26,34
Pagi,Cerah,55,90,26,34
Pagi,Cerah,55,90,26,34
Siang,Cerah,55,90,26,34
Siang,Berawan,55,90,26,34
Siang,Cerah,55,90,26,34
Siang,Cerah,55,90,26,34
Siang,Cerah,55,90,26,34
Siang,Cerah,55,90,26,34
Malam,Berawan,55,90,26,34
Malam,Berawan,55,90,26,34
Malam,Berawan,55,90,26,34
Malam,Cerah,55,90,26,34
Malam,Berawan,55,90,26,34
Malam,Berawan,55,90,26,34
Dini Hari,Cerah,55,90,26,34
Dini Hari,Cerah,55,90,26,34
Dini Hari,Cerah,55,90,26,34
Dini Hari,Cerah,55,90,26,34
Dini Hari,Cerah,55,90,26,34
Dini Hari,Cerah,55,90,26,34
Pagi,Cerah,55,95,25,33
Pagi,Cerah,55,95,25,33
Pagi,Cerah,55,95,25,33
Pagi,Cerah,55,95,25,33
Pagi,Cerah,55,95,25,33
Pagi,Cerah,55,95,25,33
Siang,Cerah,55,95,25,33
Siang,Berawan,55,95,25,33
Siang,Cerah,55,95,25,33
Siang,Cerah,55,95,25,33
Siang,Cerah,55,95,25,33
Siang,Cerah,55,95,25,33
Malam,Berawan,55,95,25,33
Malam,Berawan,55,95,25,33
Malam,Berawan,55,95,25,33
Malam,Cerah,55,95,25,33
Malam,Berawan,55,95,25,33
Malam,Berawan,55,95,25,33
Dini Hari,Cerah,55,95,25,33
Dini Hari,Cerah,55,95,25,33
Dini Hari,Cerah,55,95,25,33
Dini Hari,Cerah,55,95,25,33
Dini Hari,Cerah,55,95,25,33
Dini Hari,Cerah,55,95,25,33
Pagi,Cerah,55,85,25,34
Pagi,Cerah,55,85,25,34
Pagi,Cerah,55,85,25,34
Pagi,Cerah,55,85,25,34
Pagi,Cerah,55,85,25,34
Pagi,Cerah,55,85,25,34
Siang,Cerah,55,85,25,34
Siang,Berawan,55,85,25,34
Siang,Cerah,55,85,25,34
Siang,Cerah,55,85,25,34
Siang,Cerah,55,85,25,34
Siang,Cerah,55,85,25,34
Malam,Cerah,55,85,25,34
Malam,Cerah,55,85,25,34
Malam,Cerah,55,85,25,34
Malam,Cerah,55,85,25,34
Malam,Cerah,55,85,25,34
Malam,Cerah,55,85,25,34
Dini Hari,Cerah,55,85,25,34
Dini Hari,Cerah,55,85,25,34
Dini Hari,Cerah,55,85,25,34
Dini Hari,Cerah,55,85,25,34
Dini Hari,Cerah,55,85,25,34
Dini Hari,Cerah,55,85,25,34
Pagi,Cerah,70,85,25,33
Pagi,Cerah,70,85,25,33
Pagi,Cerah,70,85,25,33
Pagi,Cerah,70,85,25,33
Pagi,Cerah,70,85,25,33
Pagi,Cerah,70,85,25,33
Siang,Cerah,70,85,25,33
Siang,Berawan,70,85,25,33
Siang,Cerah,70,85,25,33
Siang,Cerah,70,85,25,33
Siang,Cerah,70,85,25,33
Siang,Cerah,70,85,25,33
Malam,Cerah,70,85,25,33
Malam,Cerah,70,85,25,33
Malam,Cerah,70,85,25,33
Malam,Cerah,70,85,25,33
Malam,Cerah,70,85,25,33
Malam,Cerah,70,85,25,33
Dini Hari,Cerah,70,85,25,33
Dini Hari,Cerah,70,85,25,33
Dini Hari,Cerah,70,85,25,33
Dini Hari,Cerah,70,85,25,33
Dini Hari,Cerah,70,85,25,33
Dini Hari,Cerah,70,85,25,33
Pagi,Cerah,55,90,24,32
Pagi,Cerah,55,90,24,32
Pagi,Cerah,55,90,24,32
Pagi,Cerah,55,90,24,32
Pagi,Cerah,55,90,24,32
Pagi,Cerah,55,90,24,32
Siang,Cerah,55,90,24,32
Siang,Cerah,55,90,24,32
Siang,Hujan,55,90,24,32
Siang,Cerah,55,90,24,32
Siang,Cerah,55,90,24,32
Siang,Cerah,55,90,24,32
Malam,Cerah,55,90,24,32
Malam,Cerah,55,90,24,32
Malam,Cerah,55,90,24,32
Malam,Hujan,55,90,24,32
Malam,Cerah,55,90,24,32
Malam,Cerah,55,90,24,32
Dini Hari,Cerah,55,90,24,32
Dini Hari,Cerah,55,90,24,32
Dini Hari,Cerah,55,90,24,32
Dini Hari,Cerah,55,90,24,32
Dini Hari,Cerah,55,90,24,32
Dini Hari,Cerah,55,90,24,32
Pagi,Cerah,55,85,25,34
Pagi,Cerah,55,85,25,34
Pagi,Cerah,55,85,25,34
Pagi,Cerah,55,85,25,34
Pagi,Cerah,55,85,25,34
Pagi,Cerah,55,85,25,34
Siang,Cerah,55,85,25,34
Siang,Cerah,55,85,25,34
Siang,Cerah,55,85,25,34
Siang,Cerah,55,85,25,34
Siang,Cerah,55,85,25,34
Siang,Cerah,55,85,25,34
Malam,Cerah,55,85,25,34
Malam,Cerah,55,85,25,34
Malam,Cerah,55,85,25,34
Malam,Berawan,55,85,25,34
Malam,Cerah,55,85,25,34
Malam,Cerah,55,85,25,34
Dini Hari,Cerah,55,85,25,34
Dini Hari,Cerah,55,85,25,34
Dini Hari,Cerah,55,85,25,34
Dini Hari,Cerah,55,85,25,34
Dini Hari,Cerah,55,85,25,34
Dini Hari,Cerah,55,85,25,34
Pagi,Cerah,55,85,26,34
Pagi,Cerah,55,85,26,34
Pagi,Cerah,55,85,26,34
Pagi,Cerah,55,85,26,34
Pagi,Berawan,55,85,26,34
Pagi,Berawan,55,85,26,34
Siang,Cerah,55,85,26,34
Siang,Berawan,55,85,26,34
Siang,Cerah,55,85,26,34
Siang,Berawan,55,85,26,34
Siang,Cerah,55,85,26,34
Siang,Cerah,55,85,26,34
Malam,Berawan,55,85,26,34
Malam,Berawan,55,85,26,34
Malam,Berawan,55,85,26,34
Malam,Berawan,55,85,26,34
Malam,Berawan,55,85,26,34
Malam,Berawan,55,85,26,34
Dini Hari,Cerah,55,85,26,34
Dini Hari,Cerah,55,85,26,34
Dini Hari,Cerah,55,85,26,34
Dini Hari,Cerah,55,85,26,34
Dini Hari,Cerah,55,85,26,34
Dini Hari,Cerah,55,85,26,34
Pagi,Cerah,50,80,24,34
Pagi,Cerah,50,80,24,34
Pagi,Cerah,50,80,24,34
Pagi,Cerah,50,80,24,34
Pagi,Cerah,50,80,24,34
Pagi,Cerah,50,80,24,34
Siang,Berawan,50,80,24,34
Siang,Berawan,50,80,24,34
Siang,Berawan,50,80,24,34
Siang,Berawan,50,80,24,34
Siang,Berawan,50,80,24,34
Siang,Berawan,50,80,24,34
Malam,Berawan,50,80,24,34
Malam,Berawan,50,80,24,34
Malam,Berawan,50,80,24,34
Malam,Hujan,50,80,24,34
Malam,Berawan,50,80,24,34
Malam,Berawan,50,80,24,34
Dini Hari,Cerah,50,80,24,34
Dini Hari,Cerah,50,80,24,34
Dini Hari,Cerah,50,80,24,34
Dini Hari,Cerah,50,80,24,34
Dini Hari,Cerah,50,80,24,34
Dini Hari,Cerah,50,80,24,34
Pagi,Berawan,60,85,26,34
Pagi,Berawan,60,85,26,34
Pagi,Berawan,60,85,26,34
Pagi,Berawan,60,85,26,34
Pagi,Berawan,60,85,26,34
Pagi,Berawan,60,85,26,34
Siang,Hujan,60,85,26,34
Siang,Hujan,60,85,26,34
Siang,Hujan,60,85,26,34
Siang,Hujan,60,85,26,34
Siang,Hujan,60,85,26,34
Siang,Hujan,60,85,26,34
Malam,Berawan,60,85,26,34
Malam,Berawan,60,85,26,34
Malam,Berawan,60,85,26,34
Malam,Hujan,60,85,26,34
Malam,Berawan,60,85,26,34
Malam,Berawan,60,85,26,34
Dini Hari,Berawan,60,85,26,34
Dini Hari,Berawan,60,85,26,34
Dini Hari,Berawan,60,85,26,34
Dini Hari,Berawan,60,85,26,34
Dini Hari,Berawan,60,85,26,34
Dini Hari,Berawan,60,85,26,34
Pagi,Hujan,75,95,24,32
Pagi,Hujan,75,95,24,32
Pagi,Hujan,75,95,24,32
Pagi,Berawan,75,95,24,32
Pagi,Cerah,75,95,24,32
Pagi,Cerah,75,95,24,32
Siang,Berawan,75,95,24,32
Siang,Berawan,75,95,24,32
Siang,Berawan,75,95,24,32
Siang,Hujan,75,95,24,32
Siang,Berawan,75,95,24,32
Siang,Hujan,75,95,24,32
Malam,Berawan,75,95,24,32
Malam,Berawan,75,95,24,32
Malam,Berawan,75,95,24,32
Malam,Hujan,75,95,24,32
Malam,Berawan,75,95,24,32
Malam,Berawan,75,95,24,32
Dini Hari,Cerah,75,95,24,32
Dini Hari,Cerah,75,95,24,32
Dini Hari,Cerah,75,95,24,32
Dini Hari,Berawan,75,95,24,32
Dini Hari,Cerah,75,95,24,32
Dini Hari,Cerah,75,95,24,32
